Workbook

Sheet Sheet1
A1: Nota | B1: ASDAS | C1: Início avaria | D1: Data de criação | E1: Fim planejado | F1: Data conclusão | G1: Conclusão desejada | H1: Texto de grupo de codes para medida | I1: Grupo de codes | J1: Status do sistema | K1: GrpCódigos | L1: Tipo de nota | M1: Code codificação | N1: Descrição | O1: Encerram.por data | P1: Texto code para codificação | Q1: Texto de code medida | R1: Cidade
A2: 1019981071 | B2: =VLOOKUP(A2,Planilha1!A:A,1,0) -> #N/A | C2: 46142 | D2: 46142 | E2: 46175 | G2: 46190 | H2: Inspeção de Serviço Técnico | I2: SERTECRE | J2: MEDA | K2: INSSETEC | L2: ST | M2: DSRD | N2: Serviço Técnico | P2: Deslocamento de Rede | Q2: Em Execução | R2: MACEIO
A3: 1019982478 | B3: =VLOOKUP(A3,Planilha1!A:A,1,0) -> #N/A | C3: 46142 | D3: 46142 | E3: 46175 | G3: 46190 | H3: Inspeção de Serviço Técnico | I3: SERTECRE | J3: MEDA | K3: INSSETEC | L3: ST | M3: DSRD | N3: Serviço Técnico | P3: Deslocamento de Rede | Q3: Em Execução | R3: SAO LUIS DO QUITUNDE
A4: 1019985312 | B4: =VLOOKUP(A4,Planilha1!A:A,1,0) -> #N/A | C4: 46142 | D4: 46142 | E4: 46175 | G4: 46190 | H4: Inspeção de Serviço Técnico | I4: SERTECRE | J4: MEDA | K4: INSSETEC | L4: ST | M4: DSPT | N4: Serviço Técnico | P4: Deslocamento de Poste | Q4: Em Execução | R4: TEOTONIO VILELA
A5: 1019987372 | B5: =VLOOKUP(A5,Planilha1!A:A,1,0) -> #N/A | C5: 46142 | D5: 46142 | E5: 46175 | G5: 46190 | H5: Inspeção de Serviço Técnico | I5: SERTECRE | J5: MEDA | K5: INSSETEC | L5: ST | M5: DSPT | N5: Serviço Técnico | P5: Deslocamento de Poste | Q5: Em Execução | R5: ARAPIRACA
A6: 1020010277 | B6: =VLOOKUP(A6,Planilha1!A:A,1,0) -> #N/A | C6: 46146 | D6: 46146 | E6: 46176 | G6: 46191 | H6: Inspeção de Serviço Técnico | I6: SERTECRE | J6: MEDA | K6: INSSETEC | L6: ST | M6: DSPT | N6: Serviço Técnico | P6: Deslocamento de Poste | Q6: Em Execução | R6: VICOSA
A7: 1020010871 | B7: =VLOOKUP(A7,Planilha1!A:A,1,0) -> #N/A | C7: 46146 | D7: 46146 | E7: 46176 | G7: 46191 | H7: Inspeção de Serviço Técnico | I7: SERTECRE | J7: MEDA | K7: INSSETEC | L7: ST | M7: SBCM | N7: Serviço Técnico | P7: Substituição por Cabo Multiplexado | Q7: Em Execução | R7: DELMIRO GOUVEIA
A8: 1020015057 | B8: =VLOOKUP(A8,Planilha1!A:A,1,0) -> #N/A | C8: 46146 | D8: 46146 | E8: 46176 | G8: 46191 | H8: Inspeção de Serviço Técnico | I8: SERTECRE | J8: MEDA | K8: INSSETEC | L8: ST | M8: DSRD | N8: Serviço Técnico | P8: Deslocamento de Rede | Q8: Em Execução | R8: MARAGOGI
A9: 1020015213 | B9: =VLOOKUP(A9,Planilha1!A:A,1,0) -> #N/A | C9: 46146 | D9: 46146 | E9: 46176 | G9: 46191 | H9: Inspeção de Serviço Técnico | I9: SERTECRE | J9: MEDA | K9: INSSETEC | L9: ST | M9: AFRD | N9: Serviço Técnico | P9: Afastamento de Rede | Q9: Em Execução | R9: CAMPO ALEGRE
A10: 1020017905 | B10: =VLOOKUP(A10,Planilha1!A:A,1,0) -> #N/A | C10: 46146 | D10: 46146 | E10: 46176 | G10: 46191 | H10: Inspeção de Serviço Técnico | I10: SERTECRE | J10: MEDA | K10: INSSETEC | L10: ST | M10: DSRD | N10: Serviço Técnico | P10: Deslocamento de Rede | Q10: Em Execução | R10: OLHO D AGUA DAS FLORES
A11: 1020026564 | B11: =VLOOKUP(A11,Planilha1!A:A,1,0) -> #N/A | C11: 46147 | D11: 46147 | E11: 46178 | G11: 46192 | H11: Inspeção de Serviço Técnico | I11: SERTECRE | J11: MEDA | K11: INSSETEC | L11: ST | M11: DSPT | N11: Serviço Técnico | P11: Deslocamento de Poste | Q11: Em Execução | R11: MACEIO
A12: 1020026760 | B12: =VLOOKUP(A12,Planilha1!A:A,1,0) -> #N/A | C12: 46147 | D12: 46147 | E12: 46177 | G12: 46192 | H12: Inspeção de Serviço Técnico | I12: SERTECRE | J12: MEDA | K12: INSSETEC | L12: ST | M12: DSRD | N12: Serviço Técnico | P12: Deslocamento de Rede | Q12: Em Execução | R12: MESSIAS
A13: 1020028703 | B13: =VLOOKUP(A13,Planilha1!A:A,1,0) -> #N/A | C13: 46147 | D13: 46147 | E13: 46178 | G13: 46192 | H13: Inspeção de Serviço Técnico | I13: SERTECRE | J13: MEDA | K13: INSSETEC | L13: ST | M13: SBCM | N13: Serviço Técnico | P13: Substituição por Cabo Multiplexado | Q13: Em Execução | R13: MACEIO
... A93: 1020218483 | B93: =VLOOKUP(A93,Planilha1!A:A,1,0) -> #N/A | C93: 46162 | D93: 46162 | E93: 46192 | G93: 46209 | H93: Inspeção de Serviço Técnico | I93: SERTECRE | J93: MEDA | K93: INSSETEC | L93: ST | M93: AFRD | N93: Serviço Técnico | P93: Afastamento de Rede | Q93: Em Execução | R93: MACEIO
A94: 1020218980 | B94: =VLOOKUP(A94,Planilha1!A:A,1,0) -> #N/A | C94: 46162 | D94: 46178 | E94: 46182 | G94: 46192 | H94: Realizar orçamento | I94: VIABILID | J94: MEDA | K94: ORCAMENT | L94: VT | M94: VTAT | N94: Viabilidade Técnica | P94: Viabilidade Técnica AT | Q94: Em execução
A95: 1020219054 | B95: =VLOOKUP(A95,Planilha1!A:A,1,0) -> #N/A | C95: 46162 | D95: 46162 | E95: 46192 | G95: 46209 | H95: Inspeção de Serviço Técnico | I95: SERTECRE | J95: MEDA | K95: INSSETEC | L95: ST | M95: AFRD | N95: Serviço Técnico | P95: Afastamento de Rede | Q95: Em Execução | R95: SANTANA DO IPANEMA
A96: 1020220405 | B96: =VLOOKUP(A96,Planilha1!A:A,1,0) -> #N/A | C96: 46162 | D96: 46162 | E96: 46192 | G96: 46209 | H96: Inspeção de Serviço Técnico | I96: SERTECRE | J96: MEDA | K96: INSSETEC | L96: ST | M96: SBCM | N96: Serviço Técnico | P96: Substituição por Cabo Multiplexado | Q96: Em Execução | R96: SANTANA DO IPANEMA
A97: 1020229169 | B97: =VLOOKUP(A97,Planilha1!A:A,1,0) -> #N/A | C97: 46163 | D97: 46163 | E97: 46195 | G97: 46209 | H97: Inspeção de Serviço Técnico | I97: SERTECRE | J97: MEDA | K97: INSSETEC | L97: ST | M97: AFRD | N97: Serviço Técnico | P97: Afastamento de Rede | Q97: Em Execução | R97: BOCA DA MATA
A98: 1020229749 | B98: =VLOOKUP(A98,Planilha1!A:A,1,0) -> #N/A | C98: 46163 | D98: 46163 | E98: 46195 | G98: 46209 | H98: Inspeção de Serviço Técnico | I98: SERTECRE | J98: MEDA | K98: INSSETEC | L98: ST | M98: DSRD | N98: Serviço Técnico | P98: Deslocamento de Rede | Q98: Em Execução | R98: MARAGOGI
A99: 1020230287 | B99: =VLOOKUP(A99,Planilha1!A:A,1,0) -> #N/A | C99: 46163 | D99: 46178 | E99: 46182 | G99: 46195 | H99: Realizar orçamento | I99: VIABILID | J99: MEDA | K99: ORCAMENT | L99: VT | M99: VTAT | N99: Viabilidade Técnica | P99: Viabilidade Técnica AT | Q99: Em execução
A100: 1020231518 | B100: =VLOOKUP(A100,Planilha1!A:A,1,0) -> #N/A | C100: 46163 | D100: 46174 | E100: 46175 | G100: 46195 | H100: Calculo de ERD | I100: TROCPABT | J100: MEDA | K100: CALCERD | L100: TP | M100: TPCA | N100: Troca de Padrão | P100: Troca de Padrão com Acréscimo de Carga | Q100: Em Execução | R100: MACEIO
A101: 1020233090 | B101: =VLOOKUP(A101,Planilha1!A:A,1,0) -> #N/A | C101: 46163 | D101: 46168 | E101: 46169 | G101: 46195 | H101: Calculo de ERD | I101: TROCPABT | J101: MEDA | K101: CALCERD | L101: TP | M101: TPCA | N101: Troca de Padrão | P101: Troca de Padrão com Acréscimo de Carga | Q101: Em Execução | R101: MACEIO
A102: 1020243002 | B102: =VLOOKUP(A102,Planilha1!A:A,1,0) -> #N/A | C102: 46164 | D102: 46181 | E102: 46185 | G102: 46196 | H102: Realizar orçamento | I102: VIABILID | J102: MEDA | K102: ORCAMENT | L102: VT | M102: VTAT | N102: Viabilidade Técnica | P102: Viabilidade Técnica AT | Q102: Em execução
A103: 1020243160 | B103: =VLOOKUP(A103,Planilha1!A:A,1,0) -> #N/A | C103: 46164 | D103: 46178 | E103: 46182 | G103: 46196 | H103: Realizar orçamento | I103: VIABILID | J103: MEDA | K103: ORCAMENT | L103: VT | M103: VTAT | N103: Viabilidade Técnica | P103: Viabilidade Técnica AT | Q103: Em execução
A104: 1020243930 | B104: =VLOOKUP(A104,Planilha1!A:A,1,0) -> #N/A | C104: 46164 | D104: 46169 | E104: 46176 | G104: 46199 | H104: Elaborar Orçamento | I104: ORCNXBTN | J104: MEDA | K104: ORCACNBT | L104: OC | M104: OCDF | N104: Orçamento de Conexão | P104: Conexão Definitiva | Q104: Em execução | R104: SAO BRAS
A105: 1020244669 | B105: =VLOOKUP(A105,Planilha1!A:A,1,0) -> #N/A | C105: 46164 | D105: 46164 | E105: 46196 | G105: 46211 | H105: Inspeção de Serviço Técnico | I105: SERTECRE | J105: MEDA | K105: INSSETEC | L105: ST | M105: AFRD | N105: Serviço Técnico | P105: Afastamento de Rede | Q105: Em Execução | R105: SAO JOSE DA TAPERA
A106: 1020244697 | B106: =VLOOKUP(A106,Planilha1!A:A,1,0) -> #N/A | C106: 46164 | D106: 46164 | E106: 46198 | G106: 46212 | H106: Inspeção de Serviço Técnico | I106: SERTECRE | J106: MEDA | K106: INSSETEC | L106: ST | M106: ESRD | N106: Serviço Técnico | P106: Espçamento de rede | Q106: Em Execução | R106: MATRIZ DE CAMARAGIBE
A107: 1020245653 | B107: =VLOOKUP(A107,Planilha1!A:A,1,0) -> #N/A | C107: 46164 | D107: 46164 | E107: 46196 | G107: 46211 | H107: Inspeção de Serviço Técnico | I107: SERTECRE | J107: MEDA | K107: INSSETEC | L107: ST | M107: DSPT | N107: Serviço Técnico | P107: Deslocamento de Poste | Q107: Em Execução | R107: BARRA DE SAO MIGUEL
A108: 1020245910 | B108: =VLOOKUP(A108,Planilha1!A:A,1,0) -> #N/A | C108: 46164 | D108: 46164 | E108: 46196 | G108: 46211 | H108: Inspeção de Serviço Técnico | I108: SERTECRE | J108: MEDA | K108: INSSETEC | L108: ST | M108: DSRD | N108: Serviço Técnico | P108: Deslocamento de Rede | Q108: Em Execução | R108: MARECHAL DEODORO
A109: 1020245971 | B109: =VLOOKUP(A109,Planilha1!A:A,1,0) -> #N/A | C109: 46164 | D109: 46164 | E109: 46196 | G109: 46211 | H109: Inspeção de Serviço Técnico | I109: SERTECRE | J109: MEDA | K109: INSSETEC | L109: ST | M109: DSPT | N109: Serviço Técnico | P109: Deslocamento de Poste | Q109: Em Execução | R109: MACEIO
A110: 1020246223 | B110: =VLOOKUP(A110,Planilha1!A:A,1,0) -> #N/A | C110: 46164 | D110: 46164 | E110: 46196 | G110: 46211 | H110: Inspeção de Serviço Técnico | I110: SERTECRE | J110: MEDA | K110: INSSETEC | L110: ST | M110: SBCM | N110: Serviço Técnico | P110: Substituição por Cabo Multiplexado | Q110: Em Execução | R110: SANTANA DO MUNDAU
A111: 1020246241 | B111: =VLOOKUP(A111,Planilha1!A:A,1,0) -> #N/A | C111: 46164 | D111: 46164 | E111: 46196 | G111: 46211 | H111: Inspeção de Serviço Técnico | I111: SERTECRE | J111: MEDA | K111: INSSETEC | L111: ST | M111: DSPT | N111: Serviço Técnico | P111: Deslocamento de Poste | Q111: Em Execução | R111: MARECHAL DEODORO
A112: 1020247187 | B112: =VLOOKUP(A112,Planilha1!A:A,1,0) -> #N/A | C112: 46164 | D112: 46164 | E112: 46196 | G112: 46211 | H112: Inspeção de Serviço Técnico | I112: SERTECRE | J112: MEDA | K112: INSSETEC | L112: ST | M112: DSPT | N112: Serviço Técnico | P112: Deslocamento de Poste | Q112: Em Execução | R112: MACEIO
A113: 1020247424 | B113: =VLOOKUP(A113,Planilha1!A:A,1,0) -> #N/A | C113: 46164 | D113: 46169 | E113: 46176 | G113: 46199 | H113: Elaborar Orçamento | I113: ORCNXBTN | J113: MEDA | K113: ORCACNBT | L113: OC | M113: OCDF | N113: Orçamento de Conexão | P113: Conexão Definitiva | Q113: Em execução | R113: RIO LARGO
A114: 1020247564 | B114: =VLOOKUP(A114,Planilha1!A:A,1,0) -> #N/A | C114: 46164 | D114: 46174 | E114: 46198 | G114: 46198 | H114: Elab. Estudos e Orçamento C/ Participaçã | I114: MUDMEDLC | J114: MEDA | K114: ELESORCP | L114: MM | M114: MMDL | N114: Mudança do medidor | P114: Mudança de Medidor de Local | Q114: Em Execução | R114: MATRIZ DE CAMARAGIBE
A115: 1020259190 | B115: =VLOOKUP(A115,Planilha1!A:A,1,0) -> #N/A | C115: 46165 | D115: 46181 | E115: 46185 | G115: 46196 | H115: Realizar orçamento | I115: VIABILID | J115: MEDA | K115: ORCAMENT | L115: VT | M115: VTAT | N115: Viabilidade Técnica | P115: Viabilidade Técnica AT | Q115: Em execução | R115: MARAGOGI
... A120: 1020269528 | B120: =VLOOKUP(A120,Planilha1!A:A,1,0) -> #N/A | C120: 46167 | D120: 46167 | E120: 46198 | G120: 46212 | H120: Inspeção de Serviço Técnico | I120: SERTECRE | J120: MEDA | K120: INSSETEC | L120: ST | M120: AFRD | N120: Serviço Técnico | P120: Afastamento de Rede | Q120: Em Execução | R120: MACEIO
A121: 1020269774 | B121: =VLOOKUP(A121,Planilha1!A:A,1,0) -> #N/A | C121: 46167 | D121: 46181 | E121: 46185 | G121: 46198 | H121: Realizar orçamento | I121: VIABILID | J121: MEDA | K121: ORCAMENT | L121: VT | M121: VTAT | N121: Viabilidade Técnica | P121: Viabilidade Técnica AT | Q121: Em execução
A122: 1020269969 | B122: =VLOOKUP(A122,Planilha1!A:A,1,0) -> #N/A | C122: 46167 | D122: 46167 | E122: 46198 | G122: 46212 | H122: Inspeção de Serviço Técnico | I122: SERTECRE | J122: MEDA | K122: INSSETEC | L122: ST | M122: DSPT | N122: Serviço Técnico | P122: Deslocamento de Poste | Q122: Em Execução | R122: ATALAIA
A123: 1020270417 | B123: =VLOOKUP(A123,Planilha1!A:A,1,0) -> #N/A | C123: 46167 | D123: 46167 | E123: 46198 | G123: 46212 | H123: Inspeção de Serviço Técnico | I123: SERTECRE | J123: MEDA | K123: INSSETEC | L123: ST | M123: SBCM | N123: Serviço Técnico | P123: Substituição por Cabo Multiplexado | Q123: Em Execução | R123: MARAGOGI
A124: 1020270623 | B124: =VLOOKUP(A124,Planilha1!A:A,1,0) -> #N/A | C124: 46167 | D124: 46167 | E124: 46198 | G124: 46212 | H124: Inspeção de Serviço Técnico | I124: SERTECRE | J124: MEDA | K124: INSSETEC | L124: ST | M124: DSPT | N124: Serviço Técnico | P124: Deslocamento de Poste | Q124: Em Execução | R124: LIMOEIRO DE ANADIA
A125: 1020271804 | B125: =VLOOKUP(A125,Planilha1!A:A,1,0) -> #N/A | C125: 46167 | D125: 46170 | E125: 46177 | G125: 46203 | H125: Elaborar Orçamento | I125: ORCNXBTN | J125: MEDA | K125: ORCACNBT | L125: OC | M125: OCDF | N125: Orçamento de Conexão | P125: Conexão Definitiva | Q125: Em execução | R125: PORTO REAL DO COLEGIO
A126: 1020273168 | B126: =VLOOKUP(A126,Planilha1!A:A,1,0) -> #N/A | C126: 46167 | D126: 46167 | E126: 46198 | G126: 46212 | H126: Inspeção de Serviço Técnico | I126: SERTECRE | J126: MEDA | K126: INSSETEC | L126: ST | M126: DSPT | N126: Serviço Técnico | P126: Deslocamento de Poste | Q126: Em Execução | R126: PARICONHA
A127: 1020281510 | B127: =VLOOKUP(A127,Planilha1!A:A,1,0) -> #N/A | C127: 46168 | D127: 46181 | E127: 46185 | G127: 46198 | H127: Realizar orçamento | I127: VIABILID | J127: MEDA | K127: ORCAMENT | L127: VT | M127: VTAT | N127: Viabilidade Técnica | P127: Viabilidade Técnica AT | Q127: Em execução
A128: 1020282157 | B128: =VLOOKUP(A128,Planilha1!A:A,1,0) -> #N/A | C128: 46168 | D128: 46168 | E128: 46198 | G128: 46213 | H128: Inspeção de Serviço Técnico | I128: SERTECRE | J128: MEDA | K128: INSSETEC | L128: ST | M128: DSPT | N128: Serviço Técnico | P128: Deslocamento de Poste | Q128: Em Execução | R128: CAMPO GRANDE
A129: 1020282840 | B129: =VLOOKUP(A129,Planilha1!A:A,1,0) -> #N/A | C129: 46168 | D129: 46168 | E129: 46198 | G129: 46213 | H129: Inspeção de Serviço Técnico | I129: SERTECRE | J129: MEDA | K129: INSSETEC | L129: ST | M129: DSPT | N129: Serviço Técnico | P129: Deslocamento de Poste | Q129: Em Execução | R129: OURO BRANCO
A130: 1020283489 | B130: =VLOOKUP(A130,Planilha1!A:A,1,0) -> #N/A | C130: 46168 | D130: 46181 | E130: 46185 | G130: 46198 | H130: Realizar orçamento | I130: VIABILID | J130: MEDA | K130: ORCAMENT | L130: VT | M130: VTAT | N130: Viabilidade Técnica | P130: Viabilidade Técnica AT | Q130: Em execução
A131: 1020283794 | B131: =VLOOKUP(A131,Planilha1!A:A,1,0) -> #N/A | C131: 46168 | D131: 46168 | E131: 46198 | G131: 46213 | H131: Inspeção de Serviço Técnico | I131: SERTECRE | J131: MEDA | K131: INSSETEC | L131: ST | M131: DSPT | N131: Serviço Técnico | P131: Deslocamento de Poste | Q131: Em Execução | R131: AGUA BRANCA
A132: 1020283909 | B132: =VLOOKUP(A132,Planilha1!A:A,1,0) -> #N/A | C132: 46168 | D132: 46171 | E132: 46178 | G132: 46203 | H132: Elaborar Orçamento | I132: ORCNXBTN | J132: MEDA | K132: ORCACNBT | L132: OC | M132: OCDF | N132: Orçamento de Conexão | P132: Conexão Definitiva | Q132: Em execução | R132: CANAPI
A133: 1020283958 | B133: =VLOOKUP(A133,Planilha1!A:A,1,0) -> #N/A | C133: 46168 | D133: 46168 | E133: 46198 | G133: 46213 | H133: Inspeção de Serviço Técnico | I133: SERTECRE | J133: MEDA | K133: INSSETEC | L133: ST | M133: DSPT | N133: Serviço Técnico | P133: Deslocamento de Poste | Q133: Em Execução | R133: ARAPIRACA
A134: 1020284090 | B134: =VLOOKUP(A134,Planilha1!A:A,1,0) -> #N/A | C134: 46168 | D134: 46168 | E134: 46198 | G134: 46213 | H134: Inspeção de Serviço Técnico | I134: SERTECRE | J134: MEDA | K134: INSSETEC | L134: ST | M134: DSPT | N134: Serviço Técnico | P134: Deslocamento de Poste | Q134: Em Execução | R134: SANTANA DO MUNDAU
A135: 1020284239 | B135: =VLOOKUP(A135,Planilha1!A:A,1,0) -> #N/A | C135: 46168 | D135: 46168 | E135: 46198 | G135: 46213 | H135: Inspeção de Serviço Técnico | I135: SERTECRE | J135: MEDA | K135: INSSETEC | L135: ST | M135: DSRD | N135: Serviço Técnico | P135: Deslocamento de Rede | Q135: Em Execução | R135: MACEIO
A136: 1020284371 | B136: =VLOOKUP(A136,Planilha1!A:A,1,0) -> #N/A | C136: 46168 | D136: 46168 | E136: 46198 | G136: 46213 | H136: Inspeção de Serviço Técnico | I136: SERTECRE | J136: MEDA | K136: INSSETEC | L136: ST | M136: DSPT | N136: Serviço Técnico | P136: Deslocamento de Poste | Q136: Em Execução | R136: CORURIPE
A137: 1020285740 | B137: =VLOOKUP(A137,Planilha1!A:A,1,0) -> #N/A | C137: 46168 | D137: 46168 | E137: 46175 | G137: 46198 | H137: Elaborar Orçamento | I137: ORCNXBTN | J137: MEDA | K137: ORCACNBT | L137: OC | M137: RENM | N137: Orçamento de Conexão | P137: Conexão Reativação Normal | Q137: Em execução | R137: SAO LUIS DO QUITUNDE
A138: 1020285959 | B138: =VLOOKUP(A138,Planilha1!A:A,1,0) -> #N/A | C138: 46168 | D138: 46168 | E138: 46176 | G138: 46198 | H138: Vistoria de Serviço Técnico | I138: SEVTCNRD | J138: MEDA | K138: VISTTECC | L138: ST | M138: ALRD | N138: Serviço Técnico | P138: Alteamento de rede | Q138: Em Execução | R138: MACEIO
A139: 1020287564 | B139: =VLOOKUP(A139,Planilha1!A:A,1,0) -> #N/A | C139: 46168 | D139: 46168 | E139: 46198 | G139: 46213 | H139: Inspeção de Serviço Técnico | I139: SERTECRE | J139: MEDA | K139: INSSETEC | L139: ST | M139: DSRD | N139: Serviço Técnico | P139: Deslocamento de Rede | Q139: Em Execução | R139: CANAPI
A140: 1020295852 | B140: =VLOOKUP(A140,Planilha1!A:A,1,0) -> #N/A | C140: 46169 | D140: 46174 | E140: 46182 | G140: 46204 | H140: Elaborar Orçamento | I140: ORCNXBTN | J140: MEDA | K140: ORCAGDBT | L140: OC | M140: OCGD | N140: Orçamento de Conexão | P140: Conexão Micro Geração | Q140: Em Execução | R140: MACEIO
A141: 1020296164 | B141: =VLOOKUP(A141,Planilha1!A:A,1,0) -> #N/A | C141: 46169 | D141: 46169 | E141: 46199 | G141: 46217 | H141: Inspeção de Serviço Técnico | I141: SERTECRE | J141: MEDA | K141: INSSETEC | L141: ST | M141: DSRD | N141: Serviço Técnico | P141: Deslocamento de Rede | Q141: Em Execução | R141: RIO LARGO
A142: 1020297431 | B142: =VLOOKUP(A142,Planilha1!A:A,1,0) -> #N/A | C142: 46169 | D142: 46169 | E142: 46177 | G142: 46199 | H142: Vistoria de Serviço Técnico | I142: SEVTCNRD | J142: MEDA | K142: VISTTECC | L142: ST | M142: ALRD | N142: Serviço Técnico | P142: Alteamento de rede | Q142: Em Execução | R142: QUEBRANGULO
... A156: 1020325367 | B156: =VLOOKUP(A156,Planilha1!A:A,1,0) -> #N/A | C156: 46171 | D156: 46171 | E156: 46203 | G156: 46218 | H156: Inspeção de Serviço Técnico | I156: SERTECRE | J156: MEDA | K156: INSSETEC | L156: ST | M156: DSPT | N156: Serviço Técnico | P156: Deslocamento de Poste | Q156: Em Execução | R156: MARECHAL DEODORO
A157: 1020325580 | B157: =VLOOKUP(A157,Planilha1!A:A,1,0) -> 1020325580 | C157: 46171 | D157: 46181 | E157: 46196 | G157: 46203 | H157: Elab. Estudos e Orçamento | I157: LIGANOVA | J157: MEDA | K157: ELABEOST | L157: LN | M157: LGNV | N157: Ligação Nova | P157: Ligação Nova Normal | Q157: Em execução
A158: 1020325600 | B158: =VLOOKUP(A158,Planilha1!A:A,1,0) -> #N/A | C158: 46171 | D158: 46178 | E158: 46198 | G158: 46203 | H158: Elab. Estudos e Orçamento | I158: LIGANOVA | J158: MEDA | K158: ELABEOST | L158: LN | M158: LGNV | N158: Ligação Nova | P158: Ligação Nova Normal | Q158: Em execução | R158: MATA GRANDE
A159: 1020326402 | B159: =VLOOKUP(A159,Planilha1!A:A,1,0) -> #N/A | C159: 46171 | D159: 46171 | E159: 46203 | G159: 46218 | H159: Inspeção de Serviço Técnico | I159: SERTECRE | J159: MEDA | K159: INSSETEC | L159: ST | M159: DSPT | N159: Serviço Técnico | P159: Deslocamento de Poste | Q159: Em Execução | R159: BARRA DE SAO MIGUEL
A160: 1020326702 | B160: =VLOOKUP(A160,Planilha1!A:A,1,0) -> #N/A | C160: 46171 | D160: 46171 | E160: 46203 | G160: 46218 | H160: Inspeção de Serviço Técnico | I160: SERTECRE | J160: MEDA | K160: INSSETEC | L160: ST | M160: DSPT | N160: Serviço Técnico | P160: Deslocamento de Poste | Q160: Em Execução | R160: ARAPIRACA
A161: 1020327836 | B161: =VLOOKUP(A161,Planilha1!A:A,1,0) -> 1020327836 | C161: 46171 | D161: 46181 | E161: 46188 | G161: 46211 | H161: Elaborar Orçamento | I161: ORCNXBTN | J161: MEDA | K161: ORCACNBT | L161: OC | M161: OCDF | N161: Orçamento de Conexão | P161: Conexão Definitiva | Q161: Em execução | R161: JACARE DOS HOMENS
A162: 1020328491 | B162: =VLOOKUP(A162,Planilha1!A:A,1,0) -> #N/A | C162: 46171 | D162: 46171 | E162: 46181 | G162: 46203 | H162: Vistoria de Serviço Técnico | I162: SEVTCNRD | J162: MEDA | K162: VISTTECC | L162: ST | M162: ALRD | N162: Serviço Técnico | P162: Alteamento de rede | Q162: Em Execução | R162: MACEIO
A163: 1020328976 | B163: =VLOOKUP(A163,Planilha1!A:A,1,0) -> #N/A | C163: 46171 | D163: 46178 | E163: 46185 | G163: 46210 | H163: Elaborar Orçamento | I163: ORCNXBTN | J163: MEDA | K163: ORCAGDBT | L163: OC | M163: OCGD | N163: Orçamento de Conexão | P163: Conexão Micro Geração | Q163: Em Execução | R163: PIRANHAS
A164: 1020329289 | B164: =VLOOKUP(A164,Planilha1!A:A,1,0) -> #N/A | C164: 46171 | D164: 46178 | E164: 46188 | G164: 46210 | H164: Realizar Orçamento | I164: ORCOXATN | J164: MEDA | K164: REALORÇA | L164: OC | M164: ORDF | N164: Orçamento de Conexão | P164: Orçamento Conexão Definitivo | Q164: Em Execução | R164: TRAIPU
A165: 1020329499 | B165: =VLOOKUP(A165,Planilha1!A:A,1,0) -> 1020329499 | C165: 46171 | D165: 46181 | E165: 46188 | G165: 46211 | H165: Elaborar Orçamento | I165: ORCNXBTN | J165: MEDA | K165: ORCAGDBT | L165: OC | M165: OCGD | N165: Orçamento de Conexão | P165: Conexão Micro Geração | Q165: Em Execução | R165: MACEIO
A166: 1020329596 | B166: =VLOOKUP(A166,Planilha1!A:A,1,0) -> #N/A | C166: 46171 | D166: 46171 | E166: 46203 | G166: 46218 | H166: Inspeção de Serviço Técnico | I166: SERTECRE | J166: MEDA | K166: INSSETEC | L166: ST | M166: DSRD | N166: Serviço Técnico | P166: Deslocamento de Rede | Q166: Em Execução | R166: PORTO DE PEDRAS
A167: 1020338944 | B167: =VLOOKUP(A167,Planilha1!A:A,1,0) -> #N/A | C167: 46172 | D167: 46174 | E167: 46182 | G167: 46203 | H167: Analise Projeto Novo | I167: PROJEMUC | J167: MEDA | K167: ANAPRONV | L167: PT | M167: PJEM | N167: Projeto | P167: Projeto EMUC | Q167: Em Execução
A168: 1020340554 | B168: =VLOOKUP(A168,Planilha1!A:A,1,0) -> #N/A | C168: 46172 | D168: 46172 | E168: 46203 | G168: 46218 | H168: Inspeção de Serviço Técnico | I168: SERTECRE | J168: MEDA | K168: INSSETEC | L168: ST | M168: DSPT | N168: Serviço Técnico | P168: Deslocamento de Poste | Q168: Em Execução | R168: PORTO DE PEDRAS
A169: 1020348416 | B169: =VLOOKUP(A169,Planilha1!A:A,1,0) -> #N/A | C169: 46174 | D169: 46174 | E169: 46204 | G169: 46219 | H169: Inspeção de Serviço Técnico | I169: SERTECRE | J169: MEDA | K169: INSSETEC | L169: ST | M169: DSPT | N169: Serviço Técnico | P169: Deslocamento de Poste | Q169: Em Execução | R169: SAO MIGUEL DOS CAMPOS
A170: 1020348968 | B170: =VLOOKUP(A170,Planilha1!A:A,1,0) -> #N/A | C170: 46174 | D170: 46174 | E170: 46204 | G170: 46219 | H170: Inspeção de Serviço Técnico | I170: SERTECRE | J170: MEDA | K170: INSSETEC | L170: ST | M170: DSPT | N170: Serviço Técnico | P170: Deslocamento de Poste | Q170: Em Execução | R170: ARAPIRACA
A171: 1020349236 | B171: =VLOOKUP(A171,Planilha1!A:A,1,0) -> #N/A | C171: 46174 | D171: 46174 | E171: 46204 | G171: 46219 | H171: Inspeção de Serviço Técnico | I171: SERTECRE | J171: MEDA | K171: INSSETEC | L171: ST | M171: DSPT | N171: Serviço Técnico | P171: Deslocamento de Poste | Q171: Em Execução | R171: PORTO CALVO
A172: 1020350060 | B172: =VLOOKUP(A172,Planilha1!A:A,1,0) -> #N/A | C172: 46174 | D172: 46174 | E172: 46204 | G172: 46219 | H172: Inspeção de Serviço Técnico | I172: SERTECRE | J172: MEDA | K172: INSSETEC | L172: ST | M172: DSPT | N172: Serviço Técnico | P172: Deslocamento de Poste | Q172: Em Execução | R172: IGACI
A173: 1020350321 | B173: =VLOOKUP(A173,Planilha1!A:A,1,0) -> #N/A | C173: 46174 | D173: 46176 | E173: 46184 | G173: 46206 | H173: Elaborar Orçamento | I173: ORCNXBTN | J173: MEDA | K173: ORCACNBT | L173: OC | M173: OCDF | N173: Orçamento de Conexão | P173: Conexão Definitiva | Q173: Em execução | R173: PORTO DE PEDRAS
A174: 1020350359 | B174: =VLOOKUP(A174,Planilha1!A:A,1,0) -> #N/A | C174: 46174 | D174: 46174 | E174: 46204 | G174: 46219 | H174: Inspeção de Serviço Técnico | I174: SERTECRE | J174: MEDA | K174: INSSETEC | L174: ST | M174: DSRD | N174: Serviço Técnico | P174: Deslocamento de Rede | Q174: Em Execução | R174: MARECHAL DEODORO
A175: 1020350381 | B175: =VLOOKUP(A175,Planilha1!A:A,1,0) -> #N/A | C175: 46174 | D175: 46177 | E175: 46184 | G175: 46209 | H175: Elaborar Orçamento | I175: ORCNXBTN | J175: MEDA | K175: ORCACNBT | L175: OC | M175: OCDF | N175: Orçamento de Conexão | P175: Conexão Definitiva | Q175: Em execução | R175: PORTO CALVO
A176: 1020351064 | B176: =VLOOKUP(A176,Planilha1!A:A,1,0) -> #N/A | C176: 46174 | D176: 46175 | E176: 46183 | G176: 46205 | H176: Elaborar Orçamento | I176: ORCNXBTN | J176: MEDA | K176: ORCACNBT | L176: OC | M176: OCDF | N176: Orçamento de Conexão | P176: Conexão Definitiva | Q176: Em execução | R176: ARAPIRACA
A177: 1020351352 | B177: =VLOOKUP(A177,Planilha1!A:A,1,0) -> #N/A | C177: 46174 | D177: 46178 | E177: 46185 | G177: 46210 | H177: Elaborar Orçamento | I177: ORCNXBTN | J177: MEDA | K177: ORCACNBT | L177: OC | M177: OCDF | N177: Orçamento de Conexão | P177: Conexão Definitiva | Q177: Em execução | R177: ARAPIRACA
A178: 1020351376 | B178: =VLOOKUP(A178,Planilha1!A:A,1,0) -> #N/A | C178: 46174 | D178: 46174 | E178: 46204 | G178: 46219 | H178: Inspeção de Serviço Técnico | I178: SERTECRE | J178: MEDA | K178: INSSETEC | L178: ST | M178: AFRD | N178: Serviço Técnico | P178: Afastamento de Rede | Q178: Em Execução | R178: MACEIO
A179: 1020351586 | B179: =VLOOKUP(A179,Planilha1!A:A,1,0) -> #N/A | C179: 46174 | D179: 46177 | E179: 46184 | G179: 46209 | H179: Elaborar Orçamento | I179: ORCNXBTN | J179: MEDA | K179: ORCACNBT | L179: OC | M179: OCDF | N179: Orçamento de Conexão | P179: Conexão Definitiva | Q179: Em execução | R179: PIRANHAS
... A195: 1020360960 | B195: =VLOOKUP(A195,Planilha1!A:A,1,0) -> #N/A | C195: 46175 | D195: 46176 | E195: 46183 | G195: 46206 | H195: Elaborar Orçamento | I195: ORCNXBTN | J195: MEDA | K195: ORCACNBT | L195: OC | M195: OCDF | N195: Orçamento de Conexão | P195: Conexão Definitiva | Q195: Em execução | R195: IGACI
A196: 1020360998 | B196: =VLOOKUP(A196,Planilha1!A:A,1,0) -> #N/A | C196: 46175 | D196: 46176 | E196: 46183 | G196: 46205 | H196: Analise Projeto Novo | I196: PROJEMUC | J196: MEDA | K196: ANAPRONV | L196: PT | M196: PJEM | N196: Projeto | P196: Projeto EMUC | Q196: Em Execução
A197: 1020361248 | B197: =VLOOKUP(A197,Planilha1!A:A,1,0) -> 1020361248 | C197: 46175 | D197: 46181 | E197: 46188 | G197: 46211 | H197: Elaborar Orçamento | I197: ORCNXBTN | J197: MEDA | K197: ORCACNBT | L197: OC | M197: OCDF | N197: Orçamento de Conexão | P197: Conexão Definitiva | Q197: Em execução | R197: TANQUE DARCA
A198: 1020361249 | B198: =VLOOKUP(A198,Planilha1!A:A,1,0) -> #N/A | C198: 46175 | D198: 46175 | E198: 46205 | G198: 46220 | H198: Inspeção de Serviço Técnico | I198: SERTECRE | J198: MEDA | K198: INSSETEC | L198: ST | M198: DSPT | N198: Serviço Técnico | P198: Deslocamento de Poste | Q198: Em Execução | R198: VICOSA
A199: 1020361318 | B199: =VLOOKUP(A199,Planilha1!A:A,1,0) -> #N/A | C199: 46175 | D199: 46178 | E199: 46185 | G199: 46210 | H199: Elaborar Orçamento | I199: ORCNXBTN | J199: MEDA | K199: ORCACNBT | L199: OC | M199: OCDF | N199: Orçamento de Conexão | P199: Conexão Definitiva | Q199: Em execução | R199: SAO BRAS
A200: 1020361515 | B200: =VLOOKUP(A200,Planilha1!A:A,1,0) -> #N/A | C200: 46175 | D200: 46177 | E200: 46184 | G200: 46209 | H200: Elaborar Orçamento | I200: ORCNXBTN | J200: MEDA | K200: ORCACNBT | L200: OC | M200: OCDF | N200: Orçamento de Conexão | P200: Conexão Definitiva | Q200: Em execução | R200: DELMIRO GOUVEIA
A201: 1020361597 | B201: =VLOOKUP(A201,Planilha1!A:A,1,0) -> #N/A | C201: 46175 | D201: 46177 | E201: 46184 | G201: 46209 | H201: Elaborar Orçamento | I201: ORCNXBTN | J201: MEDA | K201: ORCACNBT | L201: OC | M201: OCDF | N201: Orçamento de Conexão | P201: Conexão Definitiva | Q201: Em execução | R201: MARAGOGI
A202: 1020361630 | B202: =VLOOKUP(A202,Planilha1!A:A,1,0) -> #N/A | C202: 46175 | D202: 46178 | E202: 46185 | G202: 46210 | H202: Elaborar Orçamento | I202: ORCNXBTN | J202: MEDA | K202: ORCACNBT | L202: OC | M202: OCDF | N202: Orçamento de Conexão | P202: Conexão Definitiva | Q202: Em execução | R202: MURICI
A203: 1020361678 | B203: =VLOOKUP(A203,Planilha1!A:A,1,0) -> #N/A | C203: 46175 | D203: 46178 | E203: 46185 | G203: 46210 | H203: Elaborar Orçamento | I203: ORCNXBTN | J203: MEDA | K203: ORCACNBT | L203: OC | M203: OCDF | N203: Orçamento de Conexão | P203: Conexão Definitiva | Q203: Em execução | R203: MURICI
A204: 1020361773 | B204: =VLOOKUP(A204,Planilha1!A:A,1,0) -> #N/A | C204: 46175 | D204: 46178 | E204: 46185 | G204: 46210 | H204: Elaborar Orçamento | I204: ORCNXBTN | J204: MEDA | K204: ORCACNBT | L204: OC | M204: OCDF | N204: Orçamento de Conexão | P204: Conexão Definitiva | Q204: Em execução | R204: MURICI
A205: 1020361810 | B205: =VLOOKUP(A205,Planilha1!A:A,1,0) -> #N/A | C205: 46175 | D205: 46178 | E205: 46185 | G205: 46210 | H205: Elaborar Orçamento | I205: ORCNXBTN | J205: MEDA | K205: ORCACNBT | L205: OC | M205: OCDF | N205: Orçamento de Conexão | P205: Conexão Definitiva | Q205: Em execução | R205: MURICI
A206: 1020361946 | B206: =VLOOKUP(A206,Planilha1!A:A,1,0) -> #N/A | C206: 46175 | D206: 46178 | E206: 46185 | G206: 46210 | H206: Elaborar Orçamento | I206: ORCNXBTN | J206: MEDA | K206: ORCACNBT | L206: OC | M206: OCDF | N206: Orçamento de Conexão | P206: Conexão Definitiva | Q206: Em execução | R206: DELMIRO GOUVEIA
A207: 1020362207 | B207: =VLOOKUP(A207,Planilha1!A:A,1,0) -> #N/A | C207: 46175 | D207: 46177 | E207: 46184 | G207: 46209 | H207: Elaborar Orçamento | I207: ORCNXBTN | J207: MEDA | K207: ORCACNBT | L207: OC | M207: OCDF | N207: Orçamento de Conexão | P207: Conexão Definitiva | Q207: Em execução | R207: SAO JOSE DA TAPERA
A208: 1020362369 | B208: =VLOOKUP(A208,Planilha1!A:A,1,0) -> #N/A | C208: 46175 | D208: 46178 | E208: 46185 | G208: 46210 | H208: Elaborar Orçamento | I208: ORCNXBTN | J208: MEDA | K208: ORCACNBT | L208: OC | M208: OCDF | N208: Orçamento de Conexão | P208: Conexão Definitiva | Q208: Em execução | R208: JOAQUIM GOMES
... A220: 1020371648 | B220: =VLOOKUP(A220,Planilha1!A:A,1,0) -> #N/A | C220: 46176 | D220: 46181 | E220: 46184 | G220: 46211 | H220: Analise Reapresentação de Projeto | I220: PROJSUBE | J220: MEDA | K220: ANAPRORP | L220: PT | M220: PTSB | N220: Projeto | P220: Projeto de Subestação | Q220: Em Execução | R220: SAO MIGUEL DOS CAMPOS
A221: 1020371669 | B221: =VLOOKUP(A221,Planilha1!A:A,1,0) -> #N/A | C221: 46176 | D221: 46181 | E221: 46188 | G221: 46206 | H221: Analise Projeto Novo | I221: PROJEMUC | J221: MEDA | K221: ANAPRONV | L221: PT | M221: PJEM | N221: Projeto | P221: Projeto EMUC | Q221: Em Execução
A222: 1020372255 | B222: =VLOOKUP(A222,Planilha1!A:A,1,0) -> #N/A | C222: 46176 | D222: 46176 | E222: 46206 | G222: 46223 | H222: Inspeção de Serviço Técnico | I222: SERTECRE | J222: MEDA | K222: INSSETEC | L222: ST | M222: DSRD | N222: Serviço Técnico | P222: Deslocamento de Rede | Q222: Em Execução | R222: SAO JOSE DA TAPERA
...

Sheet Planilha1
A1: NOTA
A2: 1020325580
A3: 1020327836
A4: 1020361248
A5: 1020374215
A6: 1020374826
A7: 1020375121
A8: 1020387222
A9: 1020389724
A10: 1020391099
A11: 1020392675
A12: 1020394441
A13: 1020329499
... A20: 1020352369
